sector,start_utc,stop_utc,mid_utc,mid_tjd,freq_cyc/day,
1,2018-07-25,2018-08-21,2018-08-08,1338.5,0.0694658534943445,
2,2018-08-21,2018-09-18,2018-09-04,1367.5,0.0700731420380105,29
3,2018-09-18,2018-10-15,2018-10-01,1395.5,0.071323854103849,28
4,2018-10-15,2018-11-12,2018-10-29,1423.5,0.0728391422870568,28
5,2018-11-12,2018-12-09,2018-11-25,1450.5,0.0744202146071305,27
6,2018-12-09,2019-01-05,2018-12-23,1477,0.0757105326026983,26.5
7,2019-01-05,2019-02-02,2019-01-19,1503.5,0.0766773162921045,26.5
8,2019-02-02,2019-03-01,2019-02-15,1529,0.077171215882754,25.5
9,2019-03-01,2019-03-29,2019-03-15,1555,0.0761912440538351,26
10,2019-03-29,2019-04-25,2019-04-11,1582,0.0733972410567951,27
11,2019-04-25,2019-05-22,2019-05-09,1610,0.070381836944531,28
12,2019-05-22,2019-06-19,2019-06-05,1638.5,0.0690648911862737,28.5
13,2019-06-19,2019-07-16,2019-07-02,1667.5,0.0693641618482173,29
14,2019-07-16,2019-08-13,2019-07-30,1696,0.0711112671852322,28.5
15,2019-08-13,2019-09-09,2019-08-26,1723.5,0.073619631903523,27.5
16,2019-09-09,2019-10-06,2019-09-23,1750.5,0.0760699216386465,27
17,2019-10-06,2019-11-03,2019-10-20,1777,0.0777959904182921,26.5
18,2019-11-03,2019-11-30,2019-11-16,1802.5,0.078048986843769,25.5
19,2019-11-30,2019-12-28,2019-12-14,1828,0.0758341153684319,25.5
20,2019-12-28,2020-01-24,2020-01-10,1855,0.0719719449681904,27
21,2020-01-24,2020-02-20,2020-02-07,1883.5,0.0692642134896927,28.5
22,2020-02-20,2020-03-19,2020-03-05,1912,0.0693647412612362,28.5
23,2020-03-19,2020-04-15,2020-04-01,1941,0.0710059171589807,29
24,2020-04-15,2020-05-13,2020-04-29,1968.5,0.0730595299873921,27.5
25,2020-05-13,2020-06-09,2020-05-26,1996,0.0753534039146593,27.5
26,2020-06-09,2020-07-06,2020-06-23,2022,0.0768001966103285,26
27,2020-07-06,2020-08-03,2020-07-20,2048,0.0771704180055065,26
28,2020-08-03,2020-08-30,2020-08-16,2074,0.0757105326000122,26
29,2020-08-30,2020-09-27,2020-09-13,2100.5,0.0729483282691292,26.5
30,2020-09-23,2020-10-20,2020-10-06,2129,0.0686091576223029,28.5
31,2020-10-22,2020-11-18,2020-11-04,2158,0.0665620096559234,29
32,2020-11-19,2020-12-16,2020-12-02,2186,0.0718207925729005,28
33,2020-12-18,2021-01-13,2020-12-31,2214.5,0.0766619777745277,28.5
34,2021-01-14,2021-02-08,2021-01-26,2241,0.0777020897932899,26.5
35,2021-02-09,2021-03-06,2021-02-21,2267,0.0745559494023041,26
36,2021-03-07,2021-04-01,2021-03-19,2293,0.0757590120774989,26
37,2021-04-02,2021-04-28,2021-04-15,2319.5,0.0738828224959987,26.5
38,2021-04-29,2021-05-26,2021-05-12,2347,0.069901819481922,27.5
39,2021-05-27,2021-06-24,2021-06-10,2375.5,0.0668356016489634,28.5
40,2021-06-24,2021-07-23,2021-07-08,2404,0.0664242751348664,28.5
41,2021-07-23,2021-08-20,2021-08-06,2432.5,0.0722830428445458,28.5
42,2021-08-20,2021-09-16,2021-09-02,2460,0.0729329977748399,27.5
43,2021-09-16,2021-10-12,2021-09-29,2486.5,0.0751813821224681,26.5
44,2021-10-12,2021-11-06,2021-10-24,2512,0.0783076626765467,25.5
45,2021-11-06,2021-12-02,2021-11-19,2537.5,0.0751756256878703,25.5
46,2021-12-02,2022-12-30,2022-06-16,2563,0.0775150775819526,25.5
47,2021-12-30,2022-01-28,2022-01-13,2593,0.0681223521267258,30
48,2022-01-28,2022-02-26,2022-02-11,2622,0.0662784472086072,29
49,2022-02-26,2022-03-26,2022-03-12,2650.5,0.0669336492350983,28.5
50,2022-03-26,2022-04-22,2022-04-08,2678,0.0716221350860042,27.5
51,2022-04-22,2022-05-18,2022-05-05,2704.5,0.0752507905019558,26.5
52,2022-05-18,2022-06-13,2022-05-31,2730.5,0.0788411511651535,26
53,2022-06-13,2022-07-09,2022-06-26,2756.5,0.075638249899283,26
54,2022-07-09,2022-08-05,2022-07-22,2783,0.0736605058005646,26.5
55,2022-08-05,2022-09-01,2022-08-18,2810,0.0698797221860195,27
56,2022-09-01,2022-09-30,2022-09-15,2838,0.0672029291938933,28
57,2022-09-30,2022-10-29,2022-10-14,2867,0.0670293767968777,29
58,2022-10-29,2022-11-26,2022-11-12,2895.5,0.0701794703372025,28.5
59,2022-11-26,2022-12-23,2022-12-09,2923,0.0742501851967847,27.5
60,2022-12-23,2023-01-18,2023-01-05,2949.5,0.0780597914572286,26.5
61,2023-01-18,2023-02-12,2023-01-30,2975,0.0795130521917042,25.5
62,2023-02-12,2023-03-10,2023-02-25,3000.5,0.0750527852144317,25.5
63,2023-03-10,2023-04-06,2023-03-23,3027,0.0729075799235206,26.5
64,2023-04-06,2023-05-04,2023-04-20,3054.5,0.0705781221748833,27.5
65,2023-05-04,2023-06-02,2023-05-18,3083,0.0682852152143044,28.5
66,2023-06-02,2023-07-01,2023-06-16,3112,0.0697390410298654,29
67,2023-07-01,2023-07-29,2023-07-15,3140.5,0.0691308842157898,28.5
68,2023-07-29,2023-08-25,2023-08-11,3168,0.0715226679432107,27.5
69,2023-08-25,2023-09-20,2023-09-07,3194.5,0.0752963715007435,26.5
70,2023-09-20,2023-10-16,2023-10-03,3220.5,0.076156106479501,26
71,2023-10-16,2023-11-11,2023-10-29,3246.5,0.0756910886237846,26
72,2023-11-11,2023-12-07,2023-11-24,3272.5,0.0748873065169467,26
73,2023-12-07,2024-01-03,2023-12-20,3299,0.0740179809603768,26.5
74,2024-01-03,2024-01-30,2024-01-16,3326,0.0721975421064662,27
75,2024-01-30,2024-02-26,2024-02-12,3353,0.0706195967192676,27
76,2024-02-26,2024-03-26,2024-03-11,3381,0.0692320243294986,28
77,2024-03-26,2024-04-23,2024-04-09,3409.5,0.0687184354237378,28.5
78,2024-04-23,2024-05-21,2024-05-07,3437.5,0.069299527769204,28
79,2024-05-21,2024-06-18,2024-06-04,3465.5,0.0710119280847681,28
80,2024-06-18,2024-07-15,2024-07-01,3493,0.0737120847722759,27.5
81,2024-07-15,2024-08-10,2024-07-28,3519.5,0.0751338770645397,26.5
82,2024-08-10,2024-09-05,2024-08-23,3545.5,0.0758659898917597,26
83,2024-09-05,2024-10-01,2024-09-18,3571.5,0.0759410544711571,26
84,2024-10-01,2024-10-26,2024-10-13,3597,0.076168753021675,25.5
85,2024-10-26,2024-11-21,2024-11-08,3622.5,0.0772308801924679,25.5
86,2024-11-21,2024-12-18,2024-12-04,3649,0.0751055586668298,26.5
87,2024-12-18,2025-01-14,2024-12-31,3676,0.0722393174701713,27
88,2025-01-14,2025-02-11,2025-01-28,3703.5,0.0696661907464006,27.5
89,2025-02-11,2025-03-12,2025-02-25,3732,0.070112620469991,28.5
90,2025-03-12,2025-04-09,2025-03-26,3760.5,0.071745972146935,28.5
91,2025-04-09,2025-05-07,2025-04-23,3788.5,0.0703826784043014,28
92,2025-05-07,2025-06-03,2025-05-20,3816,0.0726045482554246,27.5
93,2025-06-03,2025-06-29,2025-06-16,3842.5,0.0764533259974335,26.5
94,2025-06-29,2025-07-25,2025-07-12,3868.5,0.0757716873283276,26
